{
    "loss": 26.102035522460938,
    "accuracy": 0.5686274766921997
}