{
    "loss": 4.277899265289307,
    "accuracy": 0.843137264251709
}