{
    "loss": 29.413761138916016,
    "accuracy": 0.5686274766921997
}